Plant Label ,Plant ID ,Treatment,Wave,Bulbil_category,Date_of_pupation,Pupa_weight (g),Pupa_length (mm),Pupa_girth (mm),Tunnel_weight (g),Bulbil_weight,Initial_tube_weight,Final_tube_weight,Frass_weight,Date_of_emmergence,Emerged_beetle_weight,Sex,Empty_pupa_weight
98_a,98,JA,1,Small,10/11/2023,,,,0.0078,,1.1043,1.1109,0.0066,,,,
98_b ,98,JA,1,Small,10/2/2023,0.1451,12.16,8.95,0.9734,,1.1035,1.4269,0.3234,10/18/2023,0.0683,,0.0384
98_c_x,98,JA,1,Small,,,,,,,,,0,,,,
119_a_x,119,JA,1,Small,,,,,,,,,0,,,,
119_b_1,119,JA,1,Medium ,10/11/2023,,,,0.1186,,1.1037,1.1381,0.0344,,,,
119_b_2,119,JA,1,Medium ,10/2/2023,0.1354,12.2,8.4,1.1105,,1.1093,1.5963,0.487,10/18/2023,0.0723,,0.0287
119_b_3_ctrl,119,JA,1,Medium ,,,,,,,,,0,,,,
119_b_4_DI,119,JA,1,Medium ,,,,,,,,,0,,,,
59_a,59,SA,1,Small,10/11/2023,,,,0,,1.1164,1.1164,0,,,,
59_b_x,59,SA,1,Small,,,,,,,,,0,,,,
43_a,43,SA,1,Small,10/2/2023,0.1072,11.26,6.58,0.8819,,1.1166,1.3408,0.2242,10/18/2023,0.0595,,0.0226
125_a,125,SA,1,Small,10/11/2023,,,,0,,1.1085,1.1092,0.0007,,,,
125_b_x,125,SA,1,Small,,,,,,,,,0,,,,
162_a,162,SA,1,Small,10/11/2023,,,,0.0631,,1.1252,1.1702,0.045,,,,
35_a,35,Control ,1,Small,10/11/2023,,,,0.2688,,1.1085,1.1551,0.0466,,,,
35_b_x,35,Control ,1,Small,,,,,,,,,0,,,,
81_a,81,Control ,1,Small,10/2/2023,0.1189,10.73,7.02,0.779,,1.1037,1.4475,0.3438,10/19/2023,0.0567,,0.0159
77_a,77,Control ,1,Small,10/2/2023,0.1242,11.93,7.67,0.7164,,1.1039,1.4047,0.3008,10/19/2023,0.0629,,0.0225
87_a_x,87,Control ,1,Small,,,,,,,,,0,,,,
80_a,80,Control ,1,Small,10/2/2023,0.0802,10.17,6.65,0.6549,,1.117,1.3204,0.2034,10/18/2023,0.0503,,0.0155
172_a,172,Control ,1,Small,10/11/2023,,,,0.0051,,1.1038,1.1044,0.0006,,,,
130_a,130,Beetle ,1,Small,10/2/2023,0.0951,10.93,6.64,1.1485,,1.1037,1.4775,0.3738,10/19/2023,0.0584,,0.0605
131_a,131,Beetle ,1,Small,10/11/2023,,,,0.0603,,1.104,1.2320,0.128,,,,
62_a,62,Beetle ,1,Small,10/11/2023,,,,0,,1.1037,1.1037,0,,,,
62_b_x,62,Beetle ,1,Small,,,,,,,,,0,,,,
138_a_x,138,Beetle ,1,Small,,,,,,,,,0,,,,
113_c_1,113,Beetle ,1,Medium ,10/2/2023,0.1069,10.83,7.06,1.2473,,1.1103,1.3630,0.2527,10/18/2023,0.0557,,0.0242
113_c_2,113,Beetle ,1,Medium ,10/2/2023,0.1251,11.73,8.23,1.3219,,1.1092,1.4286,0.3194,10/19/2023,0.0583,,0.0652
113_c_3_ctrl,113,Beetle ,1,Medium ,,,,,,,,,0,,,,
113_c_4_DI,113,Beetle ,1,Medium ,10/11/2023,,,,0,,,,0,,,,
98_d,98,JA,2,Extra small,10/21/2023,0.1144,11.39,7.24,0.5748,,1.1254,1.3335,0.2081,11/8/2023,0.0601,F,0.0243
98_e_x,98,JA,2,Extra small,,,,,,,,,0,,,,
4_a,4,JA,2,Extra small,,,,,,,1.1033,1.1033,0,,,,
4_b_x ,4,JA,2,Extra small,,,,,,,,,0,,,,
89_a,89,JA,2,Extra small,10/21/2023,,,,0.6331,,1.1032,1.3118,0.2086,11/8/2023,0.0492,F,Destroyed 
89_b,89,JA,2,Extra small,,,,,,,1.1242,1.1242,0,,,,
89_c,89,JA,2,Extra small,10/21/2023,0.0831,10.32,10.32,,,1.109,1.2653,0.1563,11/8/2023,0.0502,M,0.0223
89_d,89,JA,2,Extra small,10/21/2023,0.0616,8.89,8.89,0.3121,,1.1246,1.2314,0.1068,,,,
89_e,89,JA,2,Extra small,10/21/2023,0.0641,9.33,9.33,0.4226,,1.1251,1.2578,0.1327,Did not emerge,,,
89_f_x,89,JA,2,Extra small,,,,,,,,,0,,,,
89_g_x,89,JA,2,Extra small,,,,,,,,,0,,,,
47_a,47,JA,2,Extra small,10/21/2023,0.0719,9.74,6.99,0.5342,,1.117,1.3127,0.1957,11/8/2023,0.0339,M,0.122
47_b_x,47,JA,2,Extra small,,,,,,,,,0,,,,
142_a,142,JA,2,Extra small,10/21/2023,0.0817,9.47,6.7,0.2821,,1.1165,1.2023,0.0858,11/8/2023,0.036,M,
76_a_1,76,SA,2,Small,10/21/2023,0.0713,10.02,5.85,0.5279,,1.1164,1.2956,0.1792,11/8/2023,0.0353,M,0.0074
76_a_2,76,SA,2,Small,,,,,,,1.1035,1.1047,0.0012,,,,
76_b_x,76,SA,2,Small,,,,,,,,,0,,,,
162_b,162,SA,2,Extra small,10/21/2023,0.068,10.39,6.98,0.5331,,1.1243,1.2620,0.1377,11/8/2023,0.0231,M,0.0105
162_c,162,SA,2,Extra small,10/21/2023,0.0966,11.16,7.4,0.5224,,1.1168,1.2581,0.1413,11/8/2023,0.0461,M,0.0321
162_d_x,162,SA,2,Extra small,,,,,,,,,0,,,,
160_a,160,SA,2,Extra small,,,,,,,1.1168,1.2022,0.0854,,,,
160_b,160,SA,2,Extra small,10/24/2023,,,,0.5013,,1.1033,1.3527,0.2494,,,,
160_c_x,160,SA,2,Extra small,,,,,,,,,0,,,,
159_a,159,SA,2,Extra small,,,,,,,1.1095,1.1104,0.0009,,,,
159_b_x,159,SA,2,Extra small,,,,,,,,,0,,,,
180_a,180,Control ,2,Small,10/21/2023,0.0864,10.18,7.11,0.6642,,1.1169,1.3157,0.1988,11/8/2023,0.0313,F,0.012
180_b,180,Control ,2,Small,10/21/2023,0.0776,10.72,6.56,0.4521,,1.1247,1.2534,0.1287,11/8/2023,0.0479,F,0.0211
180_c,180,Control ,2,Small,10/21/2023,0.0905,10.73,6,0.7473,,1.1248,1.2880,0.1632,,,,
180_d_x,180,Control ,2,Extra small,,,,,,,,,0,,,,
77_a,77,Control ,2,Extra small,10/21/2023,0.0999,10.33,7.52,0.5547,,1.1034,1.2592,0.1558,11/8/2023,0.057,F,0.0333
77_b_x,77,Control ,2,Extra small,,,,,,,,,0,,,,
53_a_1,53,Control ,2,Small,10/24/2023,,,,,,1.1164,1.2451,0.1287,,,,
53_a_2,53,Control ,2,Small,10/21/2023,0.097,9.84,6.85,0.4477,,1.1038,1.2877,0.1839,11/8/2023,0.0453,F,0.0289
53_b_1,53,Control ,2,Small,10/21/2023,,,,,,1.1163,1.2551,0.1388,,,,Destroyed
53_b_2,53,Control ,2,Small,10/21/2023,0.09,10.77,6.41,0.5431,,1.1041,1.4044,0.3003,11/8/2023,0.0467,M,0.0131
53_c_x,53,Control ,2,Small,,,,,,,,,0,,,,
53_d ,53,Control ,2,Extra small,10/24/2023,0.0572,8.79,5.68,0.2366,,1.1169,1.2017,0.0848,11/8/2023,0.034,M,0.0071
35_a_1,35,Control ,2,Medium ,10/24/2023,0.1087,10.4,7.18,0.8397,,1.1032,1.4335,0.3303,11/8/2023,0.0574,M,0.0187
35_a_2,35,Control ,2,Medium ,10/21/2023,0.1404,10.75,7.68,0.9393,,1.1087,1.4552,0.3465,11/8/2023,0.0625,F,0.0267
35_a_3,35,Control ,2,Medium ,,,,,,,1.109,1.1090,0,,,,
35_a_4_x,35,Control ,2,Medium ,,,,,,,,,0,,,,
35_b_1_x,35,Control ,2,Extra small,,,,,,,,,0,,,,
35_b_2_x,35,Control ,2,Extra small,,,,,,,,,0,,,,
35_b_3_x,35,Control ,2,Extra small,,,,,,,,,0,,,,
35_b_4_x,35,Control ,2,Extra small,,,,,,,,,0,,,,
135_a,135,Control ,2,Extra small,,,,,,,1.1031,1.1031,0,,,,
135_b_1,135,Control ,2,Large,10/21/2023,0.1327,10.76,7.17,1.0119,,1.1034,1.2753,0.1719,11/8/2023,0.0742,F,0.0166
135_b_2,135,Control ,2,Large,10/21/2023,,11.42,8.16,0.5648,,1.1033,1.2413,0.138,11/8/2023,0.0451,M,0.0223
135_b_3_,135,Control ,2,Large,10/24/2023,0.1239,10.34,6.96,0.7311,,1.1173,1.2902,0.1729,11/8/2023,0.0559,M,0.0243
135_b_4_x,135,Control ,2,Large,,,,,,,,,0,,,,
135_c_x,135,Control ,2,Extra small,,,,,,,,,0,,,,
131_b,131,Beetle ,2,Extra small,,,,,,,1.1169,1.1409,0.024,Emerged Late ,0.0323,F,
131_c,131,Beetle ,2,Extra small,,,,,,,1.109,1.1121,0.0031,,,,
131_d_x,131,Beetle ,2,Extra small,,,,,,,,,0,,,,
131_e_x,131,Beetle ,2,Extra small,,,,,,,,,0,,,,
69_a,69,Beetle ,2,Extra small,,,,,,,1.1251,1.1255,0.0004,,,,
166_a_1,166,Beetle ,2,Medium ,,,,,,,1.1176,1.1176,0,,,,
166_a_2,166,Beetle ,2,Medium ,10/21/2023,0.1214,11.32,7.09,0.8871,,1.1084,1.2384,0.13,11/8/2023,0.0574,F,0.0207
166_a_3,166,Beetle ,2,Medium ,10/21/2023,0.126,11.14,8.29,0.9093,,1.104,1.3339,0.2299,11/8/2023,0.0654,F,0.0166
166_a_4_x,166,Beetle ,2,Medium ,,,,,,,,,0,,,,
166_b_1,166,Beetle ,2,Medium ,10/21/2023,0.0983,10.09,6.38,0.8326,,1.1246,1.2798,0.1552,11/8/2023,0.0521,M,0.0156
166_b_2,166,Beetle ,2,Medium ,10/21/2023,0.1143,10.32,7.32,0.8075,,1.1038,1.3245,0.2207,11/8/2023,0.0424,M,0.024
166_b_3_x,166,Beetle ,2,Medium ,,,,,,,,,0,,,,
166_c_1,166,Beetle ,2,Small,10/21/2023,0.1439,11.11,7.09,0.9972,,1.1031,1.2534,0.1503,11/8/2023,0.0535,F,0.0128
166_c_2_x,166,Beetle ,2,Small,,,,,,,,,0,,,,
166_d,166,Beetle ,2,Extra small,10/21/2023,0.1316,11.58,8.67,0.6705,,1.1166,1.2010,0.0844,11/8/2023,0.0543,M,0.0239
138_b,,Beetle ,2,Extra small,,,,,,,1.1087,1.1087,0,,,,
93_a,93,JA,3,Extra small,11/17/2023,0.1263,11.21,7.45,0.75,1.0102,1.116,1.6515,0.5355,12/6/2023,0.0628,F,0.0215
102_a,102,JA,3,Extra small,11/15/2023,0.1336,12.24,9.12,0.5777,0.8401,1.1087,1.4157,0.307,12/6/2023,0.0479,M,0.0424
102_b,102,JA,3,Small,,,,,,5.3339,1.1075,1.1090,0.0015,,,,
102_c_1,102,JA,3,Medium ,11/16/2023,0.1311,12.3,7.78,1.1044,3.976,1.1095,1.4982,0.3887,12/7/2023,0.0634,F,0.029
102_c_2,102,JA,3,Medium ,11/17/2023,0.1302,12.07,7.67,0.8581,2.997,1.1164,1.5957,0.4793,12/7/2023,0.0579,F,0.0324
102_c_3_x,102,JA,3,Medium ,,,,,,,,,0,,,,
102_c_4_Ctrl,102,JA,3,Medium ,,,,,,5.2858,,,0,,,,
37_a_1,37,JA,3,Small,11/17/2023,0.1038,10.77,7.43,0.8094,4.7737,1.1035,1.6351,0.5316,12/5/2023,0.0582,M,0.0223
37_a_2,37,JA,3,Small,11/17/2023,0.1337,12.47,7.35,1.1696,6.1717,1.1164,1.7615,0.6451,12/7/2023,0.057,F,0.0337
37_a_3_x,37,JA,3,Small,,,,,,,,,0,,,,
37_a_4_Ctrl ,37,JA,3,Small,,,,,,,,,0,,,,
37_b_1,37,JA,3,Medium ,11/16/2023,0.1385,12.14,7.82,0.8326,2.4633,1.1176,1.5193,0.4017,12/7/2023,0.0694,F,0.0263
37_b_2,37,JA,3,Medium ,11/18-11/19,0.1157,11.5,7.46,1.0805,2.5306,1.1087,1.5391,0.4304,12/9/2023,0.057,F,0.034
37_b_3_x,37,JA,3,Medium ,,,,,,,,,0,,,,
37_b_4_Ctrl,37,JA,3,Medium ,,,,,,4.7285,,,0,,,,
37_c_1,37,JA,3,Medium ,11/17/2023,0.1048,10.8,6.82,0.6153,4.0164,1.1248,1.4204,0.2956,12/7/2023,0.0521,M,0.016
37_c_2,37,JA,3,Medium ,11/17/2023,0.1386,11.93,7.84,1.1602,3.198,1.1094,1.6090,0.4996,12/7/2023,0.0677,F,0.0281
37_c_3_x,37,JA,3,Medium ,,,,,,,,,0,,,,
37_c_4_Ctrl,37,JA,3,Medium ,,,,,,5.6134,,,0,,,,
163_a_1,163,JA,3,Medium ,,,,,,10.4837,1.109,1.1106,0.0016,,,,
163_a_2,163,JA,3,Medium ,,,,,,8.9504,1.1245,1.1252,0.0007,,,,
163_a_3_x,163,JA,3,Medium ,,,,,,,,,0,,,,
163_a_4_Ctrl,163,JA,3,Medium ,,,,,,17.4955,,,0,,,,
163_a_5,163,JA,3,Medium ,11/18-11/19,0.1428,12.36,8.14,2.0549,9.162,1.1166,2.0493,0.9327,12/9/2023,0.0673,F,0.0318
163_a_6,163,JA,3,Medium ,11/18-11/19,0.1077,10.5,7.04,1.4262,11.047,1.1167,1.7854,0.6687,12/7/2023,0.0516,M,0.0249
163_a_7_x,163,JA,3,Medium ,,,,,,,,,0,,,,
163_a_8_Ctrl,163,JA,3,Medium ,,,,,,12.1613,,,0,,,,
66_a,66,SA,3,Extra small,11/15/2023,0.1007,10.67,6.88,0.5748,0.9899,1.1171,1.4363,0.3192,12/5/2023,0.0496,M,0.0156
159_a,159,SA,3,Small,11/27/2023,0.146,11.65,8.5,1.773,2.8996,1.1245,1.5768,0.4523,Did not emerge yet,,,
117_a_x,117,SA,3,Extra small,,,,,,,,,0,,,,
117_b_x,117,SA,3,Extra small,,,,,,,,,0,,,,
117_c_x,117,SA,3,Extra small,,,,,,,,,0,,,,
117_d,117,SA,3,Small,,,,,,2.2713,1.1009,1.1103,0.0094,,,,
117_e,117,SA,3,Small,11/15/2023,0.1422,12.02,7.71,0.6795,2.7001,1.1037,1.3838,0.2801,12/6/2023,0.0637,M,0.0354
117_f,117,SA,3,Small,11/17/2023,0.1897,11.8,8.92,0.7339,2.1162,1.1248,1.4737,0.3489,12/6/2023,0.0706,F,0.0406
117_g,117,SA,3,Small,11/15/2023,0.1123,10.83,6.68,0.8563,3.3356,1.1089,1.4489,0.34,12/4/2023,0.0606,,0.0163
117_h,117,SA,3,Small,,,,,,3.9299,1.1081,1.1099,0.0018,,,,
117_i_x,117,SA,3,Small,,,,,,,,,0,,,,
117_j_x,117,SA,3,Small,,,,,,,,,0,,,,
117_k_1,117,SA,3,Medium ,11/15/2023,0.1234,11.15,7.56,0.8786,5.2845,1.1252,1.4628,0.3376,12/7/2023,0.0514,M,0.0214
117_k_2,117,SA,3,Medium ,11/18-11/19,0.121,11.09,7.66,0.761,4.2624,1.1169,1.5220,0.4051,12/8/2023,0.0623,M,0.018
117_k_3_x,117,SA,3,Medium ,,,,,,,,,0,,,,
117_k_4_Ctrl,117,SA,3,Medium ,,,,,,3.9455,,,0,,,,
59_c,59,SA,3,Extra small,,,,,,1.7936,1.1035,1.1063,0.0028,,,,
59_d_x,59,SA,3,Extra small,,,,,,,,,0,,,,
59_e,59,SA,3,Small,11/17/2023,0.1109,11.2,7.16,0.936,3.9189,1.1171,1.5175,0.4004,12/6/2023,0.0455,M,0.024
59_f,59,SA,3,Small,,,,,0.7403,5.2728,1.1037,1.4992,0.3955,,,,
99_a_x,99,SA,3,Extra small,,,,,,,,,0,,,,
99_b,99,SA,3,Extra small,,,,,,1.059,1.1035,1.1964,0.0929,,,,
99_c,99,SA,3,Small,11/17/2023,0.1431,12.34,9.09,0.9378,5.0607,1.1039,1.6484,0.5445,12/6/2023,0.06,M,0.0214
99_d_1,99,SA,3,Medium ,11/17/2023,0.1578,11.89,8.13,1.6754,6.8523,1.1247,1.7831,0.6584,12/6/2023,0.0706,F,0.0329
99_d_2,99,SA,3,Medium ,11/17/2023,0.1745,14.04,8.85,1.5566,5.477,1.1245,1.6849,0.5604,12/6/2023,0.0704,F,0.036
99_d_3_x,99,SA,3,Medium ,,,,,,,,,0,,,,
99_d_4_Ctrl,99,SA,3,Medium ,,,,,,5.8599,,,0,,,,
84_a_x,84,SA,3,Extra small,,,,,,,,,0,,,,
84_b_x,84,SA,3,Extra small,,,,,,,,,0,,,,
84_c,84,SA,3,Extra small,,,,,,2.5751,1.1249,1.1249,0,,,,
84_d,84,SA,3,Extra small,11/17/2023,0.1852,11.71,9.18,1.075,5.4337,1.1089,1.1089,0,12/6/2023,0.0556,F,0.0568
84_e_1,84,SA,3,Small,11/17/2023,0.1531,11.55,9.36,0.728,1.4516,1.1166,1.5365,0.4199,12/7/2023,0.0533,M,0.0223
84_e_2,84,SA,3,Small,11/15/2023,0.1275,11.57,7.97,1.0955,8.1028,1.1093,1.8278,0.7185,12/7/2023,0.07,F,0.0145
87_b_1,87,SA,3,Small,11/15/2023,0.1808,13.07,8.75,1.5507,6.7364,1.1042,1.6910,0.5868,12/5/2023,0.0763,F,0.0311
87_b_2,87,SA,3,Small,11/20/2023,0.1488,11.71,10.77,1.2403,6.4831,1.1257,1.6080,0.4823,12/4/2023,0.0769,F,0.0337
87_c_1,87,SA,3,Medium ,11/18-11/19,0.1614,12.11,9.5,1.3744,10.1334,1.1035,1.4993,0.3958,12/6/2023,0.072,F,0.0281
87_c_2,87,SA,3,Medium ,,,,,,8.3393,1.1248,1.1248,0,,,,
87_c_3_x,87,SA,3,Medium ,,,,,,,,,0,,,,
87_c_4_Ctrl,87,SA,3,Medium ,,,,,,13.6612,,,0,,,,
43_b_x,87,SA,3,Extra small,,,,,,,,,0,,,,
43_c,87,SA,3,Extra small,,,,,,2.3257,1.1091,1.1091,0,,,,
43_d,87,SA,3,Small,11/18-11/19,0.1491,12.04,8.59,1.2272,3.0557,1.1246,1.8469,0.7223,12/6/2023,0.0723,F,0.0187
43_e,87,SA,3,Small,11/17/2023,0.162,12.47,8.63,1.1349,4.3754,1.1056,1.5498,0.4442,12/7/2023,0.0872,F,0.0231
162_e_x,162,SA,3,Extra small,,,,,,,,,0,,,,
125_c_1,125,SA,3,Medium ,11/17/2023,0.1371,11.97,8.78,1.3647,16.8121,1.1043,1.6671,0.5628,12/6/2023,0.0559,M,0.0305
125_c_2,125,SA,3,Medium ,11/17/2023,0.1755,12.43,8.44,1.6314,12.5904,1.117,1.7613,0.6443,12/5/2023,0.0634,M,0.0527
125_c_3_x,125,SA,3,Medium ,,,,,,,,,0,,,,
125_c_4_Ctrl,125,SA,3,Medium ,,,,,,12.3929,,,0,,,,
125_d_1,125,SA,3,Medium ,11/15/2023,0.1563,12.36,9.4,1.2706,4.871,1.1091,1.7958,0.6867,12/6/2023,0.0546,M,0.0294
125_d_2,125,SA,3,Medium ,,,,,,6.3809,1.1041,1.1041,0,,,,
125_d_3_x,125,SA,3,Medium ,,,,,,,,,0,,,,
125_d_4_Ctrl,125,SA,3,Medium ,,,,,,5.9003,,,0,,,,
125_d_5,125,SA,3,Medium ,11/17/2023,,,,,5.5696,1.1247,1.8492,0.7245,Died,,,
125_d_6,125,SA,3,Medium ,11/17/2023,0.1413,12.56,8.89,1.6164,4.666,1.1091,1.9215,0.8124,12/7/2023,0.0504,M,0.0355
125_d_7_x,125,SA,3,Medium ,,,,,,,,,0,,,,
125_d_8_Ctrl,125,SA,3,Medium ,,,,,,6.99,,,0,,,,
114_a_x,114,Control ,3,Extra small,,,,,,,,,0,,,,
114_b,114,Control ,3,Extra small,,,,,,1.6944,1.1036,1.1036,0,,,,
114_c_1,114,Control ,3,Medium ,11/20/2023,0.1214,11.23,7.69,1.299,6.4372,1.1098,1.6552,0.5454,12/9/2023,0.062,F,0.0179
114_c_2,114,Control ,3,Medium ,11/27/2023,0.1616,11.97,7.97,1.3377,6.6832,1.1248,1.4589,0.3341,12/12/2023,0.0301,F,0.0603
114_c_3,114,Control ,3,Medium ,11/18-11/19,0.1276,11.51,8.13,1.0662,8.349,1.1249,1.4755,0.3506,12/7/2023,0.0554,M,0.0233
114_c_4_x,114,Control ,3,Medium ,,,,,,,,,0,,,,
114_c_5_Ctrl,114,Control ,3,Medium ,,,,,,10.119,,,0,,,,
114_d_1,114,Control ,3,Medium ,11/29/2023,,,,,,1.1177,1.1274,0.0097,12/9/2023,0.0737,F,0.0502
114_d_2,114,Control ,3,Medium ,,,,,,6.7693,1.109,1.1090,0,,,,
114_d_3,114,Control ,3,Medium ,,,,,1.4808,6.3959,1.1257,1.9886,0.8629,12/9/2023,0.0564,F,0.0387
114_d_4_x,114,Control ,3,Medium ,,,,,,,,,0,,,,
114_d_5_Ctrl,114,Control ,3,Medium ,,,,,,4.8667,,,0,,,,
114_d_6_x,114,Control ,3,Medium ,,,,,,,,,0,,,,
81_b_x,81,Control ,3,Extra small,,,,,,,,,0,,,,
81_c,81,Control ,3,Extra small,11/17/2023,0.1872,13.05,9.55,0.6873,1.0636,1.117,1.3998,0.2828,12/7/2023,0.063,F,0.0496
81_d,81,Control ,3,Extra small,11/18-11/19,0.1313,12.51,7.52,0.8509,0.9971,1.1167,1.4569,0.3402,12/8/2023,0.0698,F,0.0173
81_e,81,Control ,3,Small,,,,,,3.7781,1.1254,1.1437,0.0183,,,,
81_f_1,81,Control ,3,Small,11/18-11/19,0.1324,11,8.05,0.8059,0.9971,1.1176,1.2802,0.1626,12/7/2023,0.0514,F,0.023
81_f_2,81,Control ,3,Small,11/18-11/19,0.1755,12.76,9.17,0.7806,3.5998,1.1035,1.6597,0.5562,12/7/2023,0.0806,F,0.0483
81_g_1,81,Control ,3,Medium ,11/17/2023,0.1023,9.82,7.68,0.8883,3.9989,1.1192,1.3660,0.2468,12/7/2023,0.0514,F,0.0165
81_g_2,81,Control ,3,Medium ,,,,,,4.9131,1.1051,1.1540,0.0489,,,,
81_g_3_x,81,Control ,3,Medium ,,,,,,,,,0,,,,
81_g_4_Ctrl,81,Control ,3,Medium ,,,,,,6.3548,,,0,,,,
56_a_x,56,Control ,3,Extra small,,,,,,,,,0,,,,
56_b_x,56,Control ,3,Extra small,,,,,,,,,0,,,,
56_c,56,Control ,3,Extra small,11/17/2023,0.1356,11.62,7.35,0.4425,0.725,1.1113,1.3017,0.1904,12/7/2023,0.0519,M,0.0286
36_a_x,36,Control ,3,Extra small,,,,,,,,,0,,,,
36_b,36,Control ,3,Extra small,11/18-11/19,0.1009,10.53,7.19,0.5542,1.2778,1.1164,1.3958,0.2794,12/7/2023,0.0476,M,0.017
36_c,36,Control ,3,Extra small,11/18-11/19,,11.07,6.89,0.6647,1.5576,1.1035,1.3966,0.2931,12/8/2023,0.0485,F,0.0199
36_d_1,36,Control ,3,Medium ,11/18-11/19,0.1069,10.59,6.84,1.7348,4.5515,1.1167,1.8440,0.7273,12/9/2023,0.0434,F,0.0173
36_d_2_x,36,Control ,3,Medium ,,,,,,,,,0,,,,
36_d_3_Ctrl ,36,Control ,3,Medium ,,,,,,6.1096,,,0,,,,
179_a,179,Control ,3,Small,11/18-11/19,0.1101,11.05,6.48,0.9793,3.092,1.1034,1.5103,0.4069,12/7/2023,0.0639,F,0.0133
179_b_1,179,Control ,3,Small,11/21/2023,0.1047,10.93,7,1.3866,3.8081,1.125,1.5983,0.4733,12/8/2023,0.0505,M,0.0242
179_b_2,179,Control ,3,Small,11/18-11/19,0.1009,10.03,6.65,1.3413,4.8003,1.1092,1.5693,0.4601,12/8/2023,0.0471,M,0.0191
65_a_x,65,Control ,3,Extra small,,,,,,,,,0,,,,
65_b_x,65,Control ,3,Extra small,,,,,,,,,0,,,,
65_c,65,Control ,3,Extra small,11/18-11/19,0.1201,10.8,7.76,0.8911,0.5025,1.1179,1.7377,0.6198,12/9/2023,0.0528,F,0.0169
65_d,65,Control ,3,Small,11/18-11/19,0.1212,11.1,6.99,1.6795,6.2815,1.1041,1.8446,0.7405,12/9/2023,0.0561,M,0.024
171_a_x,171,Control ,3,Extra small,,,,,,,,,0,,,,
171_b_x,171,Control ,3,Extra small,,,,,,,,,0,,,,
161_a_x,161,Control ,3,Extra small,,,,,,,,,0,,,,
161_b,161,Control ,3,Extra small,11/18-11/19,0.0991,9.85,6.71,0.5311,0.5801,1.1089,1.3727,0.2638,12/9/2023,0.043,M,0.0165
161_c,161,Control ,3,Extra small,11/18-11/19,0.1415,11.24,7.61,0.8214,1.2156,1.1244,1.3767,0.2523,12/9/2023,0.0654,F,0.0253
161_d_x,161,Control ,3,Small,,,,,,,,,0,,,,
161_e,161,Control ,3,Small,11/17/2023,0.1236,12.03,8.08,0.9357,3.8977,1.1163,1.5246,0.4083,12/8/2023,0.0511,F,0.0227
161_f,161,Control ,3,Small,11/17/2023,,,,1.2634,10.3262,1.125,1.5028,0.3778,Dead,,,
172_b_x,172,Control ,3,Extra small,,,,,,,,,0,,,,
172_c_x,172,Control ,3,Extra small,,,,,,,,,0,,,,
172_d_x,172,Control ,3,Extra small,,,,,,,,,0,,,,
172_e_x,172,Control ,3,Extra small,,,,,,,,,0,,,,
172_f_x,172,Control ,3,Small,,,,,,,,,0,,,,
172_g,172,Control ,3,Small,11/18-11/19,0.1056,10.92,7.23,0.5825,0.8687,1.1167,1.2168,0.1001,12/9/2023,0.0448,M,0.0208
172_h_x,172,Control ,3,Small,,,,,,,,,0,,,,
172_i,172,Control ,3,Small,11/18-11/19,0.1012,10.48,6.76,0.8562,3.0209,1.1246,1.4370,0.3124,12/8/2023,0.0516,M,0.0155
172_j,172,Control ,3,Small,11/18-11/19,0.1267,11.46,7.53,1.1226,9.636,1.1043,1.5223,0.418,12/8/2023,0.0709,F,0.0289
35_c,35,Control ,3,Extra small,11/21/2023,0.1102,11.12,7.53,0.5062,0.8281,1.118,1.3144,0.1964,12/8/2023,0.054,M,0.0192
108_a_x,108,Control ,3,Extra small,,,,,,,,,0,,,,
108_b,108,Control ,3,Small,11/18-11/19,0.1484,12.38,7.69,1.2997,4.9282,1.1466,1.7325,0.5859,12/8/2023,0.0657,F,0.0473
30_a_x,30,Control ,3,Extra small,,,,,,,,,0,,,,
30_b,30,Control ,3,Extra small,,,,,,1.458,1.1166,1.1166,0,,,,
95_a_x,95,Beetle ,3,Extra small,,,,,,,,,0,,,,
111_a_x,111,Beetle ,3,Extra small,,,,,,,,,0,,,,
111_b_x,111,Beetle ,3,Extra small,,,,,,,,,0,,,,
111_c,111,Beetle ,3,Extra small,,,,,,1.3167,1.1165,1.1205,0.004,,,,
110_a_x,110,Beetle ,3,Extra small,,,,,,,,,0,,,,
62_a_x,62,Beetle ,3,Extra small,,,,,,,,,0,,,,
62_b,62,Beetle ,3,Extra small,11/17/2023,0.1025,10.87,6.51,0.6187,0.6735,1.1165,1.4858,0.3693,12/7/2023,0.0528,M,0.0232
62_c_x,62,Beetle ,3,Small,,,,,,,,,0,,,,
62_d,62,Beetle ,3,Small,11/18-11/19,0.1296,11.38,7.3,0.8328,1.5884,1.14,1.5713,0.4313,12/7/2023,0.0621,M,0.0358
62_e,62,Beetle ,3,Small,11/18-11/19,0.1122,11.74,7.97,0.6414,2.416,1.1445,1.5989,0.4544,,0.0491,M,0.0335
62_f,62,Beetle ,3,Small,11/21/2023,0.1136,11.09,6.39,0.6977,1.9204,1.1442,1.4581,0.3139,12/7/2023,0.0622,M,0.0304
166_e,166,Beetle ,3,Small,,,,,,,1.1039,1.1039,0,,,,
149_a,149,Beetle ,3,Extra small,11/17/2023,0.1276,11.61,7.37,1.042,1.3182,1.1304,1.5131,0.3827,12/7/2023,0.0598,F,0.0278
107_a_x,107,Beetle ,3,Extra small,,,,,,,,,0,,,,
107_b,107,Beetle ,3,Extra small,11/27/2023,0.1051,9.68,7.5,0.474,0.4581,1.104,1.2108,0.1068,12/9/2023,0.0569,F,0.0199
169_a_1,169,Beetle ,3,Small,11/18-11/19,0.1462,12.06,7.67,1.4553,5.5311,1.1229,1.7697,0.6468,12/7/2023,0.0648,F,0.0398
169_a_2,169,Beetle ,3,Small,11/20/2023,0.1461,12,7.62,1.4782,6.775,1.1188,2.0507,0.9319,12/9/2023,0.0599,F,0.0349
136_a_x,136,Beetle ,3,Extra small,,,,,,,,,0,,,,
136_b,136,Beetle ,3,Extra small,11/17/2023,0.112,11.25,7.63,0.7414,0.6527,1.122,1.4268,0.3048,12/8/2023,0.0573,M,0.0233
105_a_x,105,Beetle ,3,Extra small,,,,,,,,,0,,,,
105_b_x,105,Beetle ,3,Extra small,,,,,,,,,0,,,,
105_c,105,Beetle ,3,Extra small,11/18-11/19,0.0888,11.64,7.63,0.4515,0.4941,1.1243,1.3248,0.2005,12/9/2023,0.0415,M,0.0138
105_d,105,Beetle ,3,Extra small,,,,,,1.0381,1.1167,1.1167,0,,,,
105_e,105,Beetle ,3,Extra small,,,,,,1.5526,1.1086,1.1091,0.0005,,,,
105_f,105,Beetle ,3,Extra small,,,,,,1.3012,1.1172,1.1493,0.0321,,,,
105_g,105,Beetle ,3,Small,11/21/2023,0.1442,11.97,7.38,1.0664,2.9362,1.1174,1.9521,0.8347,12/9/2023,0.0609,F,0.0184
155_a,155,Beetle ,3,Extra small,11/18-11/19,0.1201,10.68,7.55,0.7606,1.2127,1.127,1.1490,0.022,12/9/2023,0.056,M,0.024
155_b,155,Beetle ,3,Small,11/21/2023,0.1509,12.48,8.12,1.6108,5.4428,1.139,1.3165,0.1775,12/9/2023,0.0504,M,0.0166
130_a_x,130,Beetle ,3,Extra small,,,,,,,,,0,,,,
130_b_1,130,Beetle ,3,Small,,,,,,3.8122,1.1248,1.1248,0,,,,
130_b_2,130,Beetle ,3,Small,11/18-11/19,0.1223,11.5,6.91,0.8997,4.5953,1.126,1.4412,0.3152,12/8/2023,0.0559,M,0.0262
130_c_1,130,Beetle ,3,Small,11/18-11/19,0.1557,12.8,8.52,1.102,8.3084,1.1447,1.7667,0.622,12/9/2023,0.0549,F,0.0275
130_c_2,130,Beetle ,3,Small,,,,,,7.2486,1.1181,1.1423,0.0242,,,,
130_d_1,130,Beetle ,3,Medium ,11/18-11/19,0.1526,13.26,7.76,1.6217,7.5189,1.1052,2.4509,1.3457,12/9/2023,0.0658,F,0.0222
130_d_2,130,Beetle ,3,Medium ,11/20/2023,0.1523,13.07,8.36,1.5215,4.2329,1.118,1.8891,0.7711,12/9/2023,0.0581,F,0.0223
130_d_3_x,130,Beetle ,3,Medium ,,,,,,,,,0,,,,
130_d_4_Ctrl,130,Beetle ,3,Medium ,,,,,,3.3797,,,0,,,,
78_a_x,78,Beetle ,3,Extra small,,,,,,,,,0,,,,
78_b_x,78,Beetle ,3,Extra small,,,,,,,,,0,,,,
78_c,78,Beetle ,3,Extra small,,,,,,1.214,1.1048,1.1458,0.041,,,,
78_d,78,Beetle ,3,Extra small,11/18-11/19,0.1129,11.47,7.37,0.7965,1.0558,1.1257,1.3913,0.2656,12/8/2023,0.0563,M,0.0209
78_e,78,Beetle ,3,Extra small,11/18-11/19,0.1001,12.33,8.03,0.7126,1.0439,1.105,1.5624,0.4574,12/8/2023,0.0559,F,0.0113
78_f_1,78,Beetle ,3,Small,11/18-11/19,0.0933,10.65,7.75,0.9756,3.7068,1.1292,1.5591,0.4299,12/8/2023,0.0461,M,0.0158
78_f_2,78,Beetle ,3,Small,11/18-11/19,0.14,12.08,7.75,1.3385,3.4653,1.1348,1.7895,0.6547,12/9/2023,0.0513,F,0.0248
78_g_1,78,Beetle ,3,Medium ,11/20/2023,0.1424,12.3,8.67,1.1408,8.0966,1.1349,1.5476,0.4127,12/9/2023,0.0462,M,0.0295
78_g_2,78,Beetle ,3,Medium ,11/20/2023,0.174,11.54,8.85,1.2763,9.2121,1.1252,1.7600,0.6348,12/12/2023,0.0558,F,0.0338
78_g_3_x,78,Beetle ,3,Medium ,,,,,,,,,0,,,,
78_g_4_Ctrl,78,Beetle ,3,Medium ,,,,,,7.1933,,,0,,,,
